epoch;acc;loss;lr;val_acc;val_loss
0;0.7247;0.7975700861036777;0.001;0.1008;3.1843535163879393
0;0.8743;0.368672992901504;0.001;0.9244;0.21399978903755545
